op,rows,invoke_insns
0,1,4437
1,1,128971
2,1,76241
3,1,169610
4,1,95584378
5,1,6511
6,1,3625
7,1,2039294
8,1,19048722
9,1,76184637
10,1,166723978
12,1,2438230
13,1,74099069
21,1,148196709
22,1,670648
23,1,331874562
24,1,149582991
25,1,296383779
26,1,2437914
27,1,147499250
28,1,331874450
39,1,294996845
40,1,679672
41,1,662175733
42,1,296383180
43,1,589984118
44,1,2438874
45,1,294299543
46,1,662175788
65,1,588598062
66,1,698392
67,1,1322778488
68,1,589980181
69,1,1177185661
70,1,2445063
71,1,587900844
72,1,1322778540
79,1,2671772
80,1,16479890
81,1,6396
