variant,op,rows,config,kind,stage,work,work_unit,invoke_cycles,cycles_per_unit,checksum,status,prog_instructions,prog_cycles,prog_cpi,prog_traps,prog_cti,prog_cti_mispredicts,prog_tlb_misses,prog_icache_accesses,prog_icache_misses,prog_dcache_accesses,prog_dcache_misses,prog_dcache_read_misses,prog_dcache_write_misses,prog_wall_s,tflm_rev,cmodel_cmd
reference,0,1,quantize_1x224x224x3_to_1x224x224x3,QUANTIZE,input,672,out_elem,7758,11.545,adf7f8dd,ok,1198357,101689711,84.8576,14,291829,834,27,1198370,1148274,306421,287256,153,287103,19,dcfbc783,ajit_C_system_model -R 123456 -n 1 -t 1 -i 0x40000000 -m ${_MAIN}.mmap.remapped
reference,1,1,sub_1x224x224x3_to_1x224x224x3,SUB,input,672,out_elem,153413,228.293,727ab987,ok,1325397,101837453,76.8354,14,308110,4481,32,1325410,1148343,321722,287271,156,287115,11,dcfbc783,ajit_C_system_model -R 123456 -n 1 -t 1 -i 0x40000000 -m ${_MAIN}.mmap.remapped
reference,2,1,mul_1x224x224x3_to_1x224x224x3,MUL,input,672,out_elem,283729,422.216,54e9c4ad,ok,1272874,101967228,80.1079,16,303122,3066,30,1272889,1151031,315111,287268,156,287112,11,dcfbc783,ajit_C_system_model -R 123456 -n 1 -t 1 -i 0x40000000 -m ${_MAIN}.mmap.remapped
reference,3,1,pad_1x224x224x3_to_1x229x229x3,PAD,input,4122,out_elem,211899,51.407,fcdf050d,ok,1433024,101959004,71.1495,14,348307,8474,27,1433037,1148273,341106,287312,154,287158,12,dcfbc783,ajit_C_system_model -R 123456 -n 1 -t 1 -i 0x40000000 -m ${_MAIN}.mmap.remapped
reference,4,1,conv7x7_s2_3to64_in229,CONV_2D,stem,1053696,mac,112269228,106.548,61f0f131,ok,97801428,217125838,2.2201,14,24179294,3640131,35,97801441,1180841,14086792,312667,17070,295597,691,dcfbc783,ajit_C_system_model -R 123456 -n 1 -t 1 -i 0x40000000 -m ${_MAIN}.mmap.remapped
reference,5,1,concatenation_1x1x112x64_to_1x113x112x64,CONCATENATION,stem,14336,out_elem,42134,2.939,58b4ac81,ok,1728109,108027131,62.5118,16,334730,964,33,1728124,1213837,540392,304647,562,304085,18,dcfbc783,ajit_C_system_model -R 123456 -n 1 -t 1 -i 0x40000000 -m ${_MAIN}.mmap.remapped
reference,6,1,concatenation_1x113x1x64_to_1x113x113x64,CONCATENATION,stem,7232,out_elem,19520,2.699,1b3fc981,ok,1573743,106414283,67.6186,16,323455,971,31,1573758,1197433,469687,300216,341,299875,17,dcfbc783,ajit_C_system_model -R 123456 -n 1 -t 1 -i 0x40000000 -m ${_MAIN}.mmap.remapped
reference,7,1,max_pool_2d_1x113x113x64_to_1x56x56x64,MAX_POOL_2D,conv2,3584,out_elem,2833950,790.723,3a7379b3,ok,4023076,112537792,27.9731,14,894458,180623,32,4023089,1230245,911557,309626,1331,308295,39,dcfbc783,ajit_C_system_model -R 123456 -n 1 -t 1 -i 0x40000000 -m ${_MAIN}.mmap.remapped
reference,8,1,conv1x1_s1_64to64_in56,CONV_2D,conv2,229376,mac,22337872,97.385,84e9dc0d,ok,20440820,125659212,6.1475,14,5019684,516839,33,20440833,1179093,2814897,292912,1469,291443,149,dcfbc783,ajit_C_system_model -R 123456 -n 1 -t 1 -i 0x40000000 -m ${_MAIN}.mmap.remapped
reference,9,1,conv1x1_s1_64to256_in56,CONV_2D,conv2,917504,mac,89801658,97.876,5e61f9c,ok,77948905,199239223,2.556,14,19192385,2068620,40,77948918,1287681,10240726,320577,12124,308453,545,dcfbc783,ajit_C_system_model -R 123456 -n 1 -t 1 -i 0x40000000 -m ${_MAIN}.mmap.remapped
reference,10,1,conv3x3_s1_64to64_in56,CONV_2D,conv2,2064384,mac,189127520,91.615,d0dd5eff,ok,168443971,295684517,1.7554,14,41966231,4308645,43,168443984,1211918,21523464,358012,58041,299971,19503,dcfbc783,ajit_C_system_model -R 123456 -n 1 -t 1 -i 0x40000000 -m ${_MAIN}.mmap.remapped
reference,12,1,add_1x56x56x256_to_1x56x56x256,ADD,conv2,14336,out_elem,2689685,187.618,dddf1b61,ok,4954108,120068248,24.2361,14,703257,44087,40,4954121,1312220,1119657,329728,661,329067,41,dcfbc783,ajit_C_system_model -R 123456 -n 1 -t 1 -i 0x40000000 -m ${_MAIN}.mmap.remapped
reference,13,1,conv1x1_s1_256to64_in56,CONV_2D,conv2,917504,mac,84621885,92.231,1a9babf9,ok,75873867,192675647,2.5394,14,18816079,1893006,40,75873880,1228282,9859030,330561,26442,304119,549,dcfbc783,ajit_C_system_model -R 123456 -n 1 -t 1 -i 0x40000000 -m ${_MAIN}.mmap.remapped
reference,21,1,conv1x1_s1_256to128_in56,CONV_2D,conv2,1835008,mac,168906593,92.047,42c18901,ok,150090416,278516976,1.8557,14,37301561,3784417,45,150090429,1259027,19214251,356244,47856,308388,1038,dcfbc783,ajit_C_system_model -R 123456 -n 1 -t 1 -i 0x40000000 -m ${_MAIN}.mmap.remapped
reference,22,1,pad_1x56x56x128_to_1x57x57x128,PAD,conv3,14592,out_elem,800354,54.849,1225e081,ok,2434817,110228517,45.2718,14,557127,22804,31,2434830,1230225,563760,308364,440,307924,22,dcfbc783,ajit_C_system_model -R 123456 -n 1 -t 1 -i 0x40000000 -m ${_MAIN}.mmap.remapped
reference,23,1,conv3x3_s2_128to128_in57,CONV_2D,conv3,4128768,mac,376162818,91.108,5eb8db13,ok,333993831,487406967,1.4593,14,83289099,8438141,85,333993844,1261217,42336726,446614,133987,312627,1761,dcfbc783,ajit_C_system_model -R 123456 -n 1 -t 1 -i 0x40000000 -m ${_MAIN}.mmap.remapped
reference,24,1,conv1x1_s1_128to512_in28,CONV_2D,conv3,1835008,mac,173183677,94.378,a1bf2c52,ok,151443593,284204047,1.8766,14,37555571,3909478,59,151443606,1304135,19450142,362699,49980,312719,1036,dcfbc783,ajit_C_system_model -R 123456 -n 1 -t 1 -i 0x40000000 -m ${_MAIN}.mmap.remapped
reference,25,1,conv1x1_s2_256to512_in56,CONV_2D,conv3,3670016,mac,338992877,92.368,8a2cc61d,ok,298602607,453262399,1.5179,14,74284913,7579345,84,298602620,1336990,37955374,432985,111794,321191,28260,dcfbc783,ajit_C_system_model -R 123456 -n 1 -t 1 -i 0x40000000 -m ${_MAIN}.mmap.remapped
reference,26,1,add_1x28x28x512_to_1x28x28x512,ADD,conv3,14336,out_elem,2690633,187.684,f9ab1d67,ok,4953814,120069564,24.2378,14,703262,44402,40,4953827,1312220,1119662,329733,666,329067,41,dcfbc783,ajit_C_system_model -R 123456 -n 1 -t 1 -i 0x40000000 -m ${_MAIN}.mmap.remapped
reference,27,1,conv1x1_s1_512to128_in28,CONV_2D,conv3,1835008,mac,169709542,92.484,71eeced4,ok,149294840,277813906,1.8608,14,37168559,3728776,51,149294853,1228342,19041636,392966,88752,304214,7575,dcfbc783,ajit_C_system_model -R 123456 -n 1 -t 1 -i 0x40000000 -m ${_MAIN}.mmap.remapped
reference,28,1,conv3x3_s1_128to128_in28,CONV_2D,conv3,4128768,mac,378128124,91.584,eafb4cd7,ok,333623110,484678114,1.4528,14,83256067,8438253,79,333623123,1212050,42179275,462087,161991,300096,1628,dcfbc783,ajit_C_system_model -R 123456 -n 1 -t 1 -i 0x40000000 -m ${_MAIN}.mmap.remapped
reference,39,1,conv1x1_s1_512to256_in28,CONV_2D,conv3,3670016,mac,339398047,92.479,98033497,ok,296930414,449081814,1.5124,14,74006166,7456659,78,296930427,1259149,37579357,485162,176658,308504,2043,dcfbc783,ajit_C_system_model -R 123456 -n 1 -t 1 -i 0x40000000 -m ${_MAIN}.mmap.remapped
reference,40,1,pad_1x28x28x256_to_1x29x29x256,PAD,conv4,14848,out_elem,810590,54.593,fce71481,ok,2448823,110243483,45.019,14,560341,23009,31,2448836,1230225,566318,308366,438,307928,23,dcfbc783,ajit_C_system_model -R 123456 -n 1 -t 1 -i 0x40000000 -m ${_MAIN}.mmap.remapped
reference,41,1,conv3x3_s2_256to256_in29,CONV_2D,conv4,8257536,mac,749669373,90.786,ac2f55cb,ok,664363507,862481239,1.2982,14,165873772,16697882,2316,664363520,1263855,83649093,610584,293590,316994,2568,dcfbc783,ajit_C_system_model -R 123456 -n 1 -t 1 -i 0x40000000 -m ${_MAIN}.mmap.remapped
reference,42,1,conv1x1_s1_256to1024_in14,CONV_2D,conv4,3670016,mac,339104308,92.399,73d6534e,ok,298435534,453273098,1.5188,14,74281816,7588411,862,298435547,1337172,37869271,434649,113568,321081,2064,dcfbc783,ajit_C_system_model -R 123456 -n 1 -t 1 -i 0x40000000 -m ${_MAIN}.mmap.remapped
reference,43,1,conv1x1_s2_512to1024_in28,CONV_2D,conv4,7340032,mac,669892532,91.266,146a8576,ok,592387074,787324956,1.3291,14,147710822,14928798,2068,592387087,1312960,74721064,612272,282822,329450,3998,dcfbc783,ajit_C_system_model -R 123456 -n 1 -t 1 -i 0x40000000 -m ${_MAIN}.mmap.remapped
reference,44,1,add_1x14x14x1024_to_1x14x14x1024,ADD,conv4,14336,out_elem,2687753,187.483,2a910d27,ok,4954756,120066304,24.2325,14,703257,43439,40,4954769,1312220,1119657,329728,661,329067,42,dcfbc783,ajit_C_system_model -R 123456 -n 1 -t 1 -i 0x40000000 -m ${_MAIN}.mmap.remapped
reference,45,1,conv1x1_s1_1024to256_in14,CONV_2D,conv4,3670016,mac,341831511,93.142,89353d38,ok,296152040,451481734,1.5245,14,73877416,7401100,709,296152053,1244980,37411118,549446,240971,308475,1438,dcfbc783,ajit_C_system_model -R 123456 -n 1 -t 1 -i 0x40000000 -m ${_MAIN}.mmap.remapped
reference,46,1,conv3x3_s1_256to256_in14,CONV_2D,conv4,8257536,mac,753985128,91.309,f11906f4,ok,664004842,862128726,1.2984,14,165841503,16697810,2346,664004855,1214688,83497013,659843,355248,304595,4278,dcfbc783,ajit_C_system_model -R 123456 -n 1 -t 1 -i 0x40000000 -m ${_MAIN}.mmap.remapped
reference,65,1,conv1x1_s1_1024to512_in14,CONV_2D,conv4,7340032,mac,683615368,93.135,86af11e0,ok,590627754,794903658,1.3459,14,147419487,14800849,2121,590627767,1276037,74314024,793154,480249,312905,4107,dcfbc783,ajit_C_system_model -R 123456 -n 1 -t 1 -i 0x40000000 -m ${_MAIN}.mmap.remapped
reference,66,1,pad_1x14x14x512_to_1x15x15x512,PAD,conv5,15360,out_elem,832136,54.176,66597c81,ok,2477520,110274516,44.51,14,566939,23488,31,2477533,1230225,571436,308372,436,307936,22,dcfbc783,ajit_C_system_model -R 123456 -n 1 -t 1 -i 0x40000000 -m ${_MAIN}.mmap.remapped
reference,67,1,conv3x3_s2_512to512_in15,CONV_2D,conv5,16515072,mac,1510259473,91.447,4c3f983b,ok,1325088266,1624849270,1.2262,14,331039115,33217309,4662,1325088279,1282470,166270162,1099959,778049,321910,5089,dcfbc783,ajit_C_system_model -R 123456 -n 1 -t 1 -i 0x40000000 -m ${_MAIN}.mmap.remapped
reference,68,1,conv1x1_s1_512to2048_in7,CONV_2D,conv5,7340032,mac,670224180,91.311,25baa4e1,ok,592416524,790773800,1.3348,14,147734345,14950015,2114,592416537,1346416,74707811,626101,287280,338821,3977,dcfbc783,ajit_C_system_model -R 123456 -n 1 -t 1 -i 0x40000000 -m ${_MAIN}.mmap.remapped
reference,69,1,conv1x1_s2_1024to2048_in14,CONV_2D,conv5,14680064,mac,1354707886,92.282,fb5dfad4,ok,1179957986,1478593542,1.2531,14,294562701,29627180,4086,1179957999,1380515,148252819,1185852,838525,347327,4557,dcfbc783,ajit_C_system_model -R 123456 -n 1 -t 1 -i 0x40000000 -m ${_MAIN}.mmap.remapped
reference,70,1,add_1x7x7x2048_to_1x7x7x2048,ADD,conv5,14336,out_elem,2669186,186.188,c4808a7b,ok,4960948,120047798,24.1986,14,703258,37247,40,4960961,1312220,1119658,329729,662,329067,41,dcfbc783,ajit_C_system_model -R 123456 -n 1 -t 1 -i 0x40000000 -m ${_MAIN}.mmap.remapped
reference,71,1,conv1x1_s1_2048to512_in7,CONV_2D,conv5,7340032,mac,662757333,90.294,1bccf435,ok,589848770,774032638,1.3123,14,147290454,14745320,2018,589848783,1248044,74145648,538827,225838,312989,3950,dcfbc783,ajit_C_system_model -R 123456 -n 1 -t 1 -i 0x40000000 -m ${_MAIN}.mmap.remapped
reference,72,1,conv3x3_s1_512to512_in7,CONV_2D,conv5,16515072,mac,1507911100,91.305,3b7ed757,ok,1324753446,1617858378,1.2213,14,331008393,33217261,4626,1324753459,1233303,166128845,1054042,744564,309478,5983,dcfbc783,ajit_C_system_model -R 123456 -n 1 -t 1 -i 0x40000000 -m ${_MAIN}.mmap.remapped
reference,79,1,mean_1x7x7x2048_to_1x1x1x2048,MEAN,head,14336,in_elem,4287727,299.088,7da9a437,ok,4517653,110827489,24.5321,16,1020793,205903,34,4517668,1205672,946823,301249,1107,300142,33,dcfbc783,ajit_C_system_model -R 123456 -n 1 -t 1 -i 0x40000000 -m ${_MAIN}.mmap.remapped
reference,80,1,fc_2048to1000,FULLY_CONNECTED,head,2048000,mac,18930866,9.244,4f39052d,ok,18094005,127144213,7.0269,16,2408073,21958,588,18094020,1216453,4553774,339786,35183,304603,127,dcfbc783,ajit_C_system_model -R 123456 -n 1 -t 1 -i 0x40000000 -m ${_MAIN}.mmap.remapped
reference,81,1,quantize_1x1000_to_1x1000,QUANTIZE,head,1000,out_elem,10207,10.207,1545e4e2,ok,1217137,101710203,83.5651,14,293234,852,27,1217150,1148272,314617,287278,162,287116,10,dcfbc783,ajit_C_system_model -R 123456 -n 1 -t 1 -i 0x40000000 -m ${_MAIN}.mmap.remapped
