op,kind,config,stage,work,work_unit,rep_op,cycles_per_unit,cycles,insns
0,QUANTIZE,quantize_1x224x224x3_to_1x224x224x3,input,150528,out_elem,0,11.545,1737792,993888
1,SUB,sub_1x224x224x3_to_1x224x224x3,input,150528,out_elem,1,228.293,34364512,28889504
2,MUL,mul_1x224x224x3_to_1x224x224x3,input,150528,out_elem,2,422.216,63555296,17077984
3,PAD,pad_1x224x224x3_to_1x229x229x3,input,157323,out_elem,3,51.407,8087478,6473448
4,CONV_2D,conv7x7_s2_3to64_in229,stem,118013952,mac,4,106.548,12574153536,10705450336
5,CONCATENATION,concatenation_1x1x112x64_to_1x113x112x64,stem,809984,out_elem,5,2.939,2380571,367872
6,CONCATENATION,concatenation_1x113x1x64_to_1x113x113x64,stem,817216,out_elem,6,2.699,2205760,409625
7,MAX_POOL_2D,max_pool_2d_1x113x113x64_to_1x56x56x64,conv2,200704,out_elem,7,790.723,158701200,114200464
8,CONV_2D,conv1x1_s1_64to64_in56,conv2,12845056,mac,8,97.385,1250920832,1066728432
9,CONV_2D,conv1x1_s1_64to256_in56,conv2,51380224,mac,9,97.876,5028892848,4266339672
10,CONV_2D,conv3x3_s1_64to64_in56,conv2,112869376,mac,10,91.615,10340472105,9115567337
11,CONV_2D,conv1x1_s1_64to256_in56,conv2,51380224,mac,9,97.876,5028892848,4266339672
12,ADD,add_1x56x56x256_to_1x56x56x256,conv2,802816,out_elem,12,187.618,150622360,136540880
13,CONV_2D,conv1x1_s1_256to64_in56,conv2,51380224,mac,13,92.231,4738825560,4149547864
14,CONV_2D,conv3x3_s1_64to64_in56,conv2,112869376,mac,10,91.615,10340472105,9115567337
15,CONV_2D,conv1x1_s1_64to256_in56,conv2,51380224,mac,9,97.876,5028892848,4266339672
16,ADD,add_1x56x56x256_to_1x56x56x256,conv2,802816,out_elem,12,187.618,150622360,136540880
17,CONV_2D,conv1x1_s1_256to64_in56,conv2,51380224,mac,13,92.231,4738825560,4149547864
18,CONV_2D,conv3x3_s1_64to64_in56,conv2,112869376,mac,10,91.615,10340472105,9115567337
19,CONV_2D,conv1x1_s1_64to256_in56,conv2,51380224,mac,9,97.876,5028892848,4266339672
20,ADD,add_1x56x56x256_to_1x56x56x256,conv2,802816,out_elem,12,187.618,150622360,136540880
21,CONV_2D,conv1x1_s1_256to128_in56,conv2,102760448,mac,21,92.047,9458769208,8299015704
22,PAD,pad_1x56x56x128_to_1x57x57x128,conv3,415872,out_elem,22,54.849,22810089,19113468
23,CONV_2D,conv3x3_s2_128to128_in57,conv3,115605504,mac,23,91.108,10532558904,9292487736
24,CONV_2D,conv1x1_s1_128to512_in28,conv3,51380224,mac,24,94.378,4849142956,4188323748
25,CONV_2D,conv1x1_s2_256to512_in56,conv3,102760448,mac,25,92.368,9491800556,8298745812
26,ADD,add_1x28x28x512_to_1x28x28x512,conv3,401408,out_elem,26,187.684,75337724,68261592
27,CONV_2D,conv1x1_s1_512to128_in28,conv3,51380224,mac,27,92.484,4751867176,4129979000
28,CONV_2D,conv3x3_s1_128to128_in28,conv3,110166016,mac,28,91.584,10089418674,8855253182
29,CONV_2D,conv1x1_s1_128to512_in28,conv3,51380224,mac,24,94.378,4849142956,4188323748
30,ADD,add_1x28x28x512_to_1x28x28x512,conv3,401408,out_elem,26,187.684,75337724,68261592
31,CONV_2D,conv1x1_s1_512to128_in28,conv3,51380224,mac,27,92.484,4751867176,4129979000
32,CONV_2D,conv3x3_s1_128to128_in28,conv3,110166016,mac,28,91.584,10089418674,8855253182
33,CONV_2D,conv1x1_s1_128to512_in28,conv3,51380224,mac,24,94.378,4849142956,4188323748
34,ADD,add_1x28x28x512_to_1x28x28x512,conv3,401408,out_elem,26,187.684,75337724,68261592
35,CONV_2D,conv1x1_s1_512to128_in28,conv3,51380224,mac,27,92.484,4751867176,4129979000
36,CONV_2D,conv3x3_s1_128to128_in28,conv3,110166016,mac,28,91.584,10089418674,8855253182
37,CONV_2D,conv1x1_s1_128to512_in28,conv3,51380224,mac,24,94.378,4849142956,4188323748
38,ADD,add_1x28x28x512_to_1x28x28x512,conv3,401408,out_elem,26,187.684,75337724,68261592
39,CONV_2D,conv1x1_s1_512to256_in28,conv3,102760448,mac,39,92.479,9503145316,8259911660
40,PAD,pad_1x28x28x256_to_1x29x29x256,conv4,215296,out_elem,40,54.593,11753555,9855244
41,CONV_2D,conv3x3_s2_256to256_in29,conv4,115605504,mac,41,90.786,10495371222,9270460262
42,CONV_2D,conv1x1_s1_256to1024_in14,conv4,51380224,mac,42,92.399,4747460312,4149364520
43,CONV_2D,conv1x1_s2_512to1024_in28,conv4,102760448,mac,43,91.266,9378495448,8259777652
44,ADD,add_1x14x14x1024_to_1x14x14x1024,conv4,200704,out_elem,44,187.483,37628542,34144236
45,CONV_2D,conv1x1_s1_1024to256_in14,conv4,51380224,mac,45,93.142,4785641154,4120193602
46,CONV_2D,conv3x3_s1_256to256_in14,conv4,104857600,mac,46,91.309,9574414324,8408581435
47,CONV_2D,conv1x1_s1_256to1024_in14,conv4,51380224,mac,42,92.399,4747460312,4149364520
48,ADD,add_1x14x14x1024_to_1x14x14x1024,conv4,200704,out_elem,44,187.483,37628542,34144236
49,CONV_2D,conv1x1_s1_1024to256_in14,conv4,51380224,mac,45,93.142,4785641154,4120193602
50,CONV_2D,conv3x3_s1_256to256_in14,conv4,104857600,mac,46,91.309,9574414324,8408581435
51,CONV_2D,conv1x1_s1_256to1024_in14,conv4,51380224,mac,42,92.399,4747460312,4149364520
52,ADD,add_1x14x14x1024_to_1x14x14x1024,conv4,200704,out_elem,44,187.483,37628542,34144236
53,CONV_2D,conv1x1_s1_1024to256_in14,conv4,51380224,mac,45,93.142,4785641154,4120193602
54,CONV_2D,conv3x3_s1_256to256_in14,conv4,104857600,mac,46,91.309,9574414324,8408581435
55,CONV_2D,conv1x1_s1_256to1024_in14,conv4,51380224,mac,42,92.399,4747460312,4149364520
56,ADD,add_1x14x14x1024_to_1x14x14x1024,conv4,200704,out_elem,44,187.483,37628542,34144236
57,CONV_2D,conv1x1_s1_1024to256_in14,conv4,51380224,mac,45,93.142,4785641154,4120193602
58,CONV_2D,conv3x3_s1_256to256_in14,conv4,104857600,mac,46,91.309,9574414324,8408581435
59,CONV_2D,conv1x1_s1_256to1024_in14,conv4,51380224,mac,42,92.399,4747460312,4149364520
60,ADD,add_1x14x14x1024_to_1x14x14x1024,conv4,200704,out_elem,44,187.483,37628542,34144236
61,CONV_2D,conv1x1_s1_1024to256_in14,conv4,51380224,mac,45,93.142,4785641154,4120193602
62,CONV_2D,conv3x3_s1_256to256_in14,conv4,104857600,mac,46,91.309,9574414324,8408581435
63,CONV_2D,conv1x1_s1_256to1024_in14,conv4,51380224,mac,42,92.399,4747460312,4149364520
64,ADD,add_1x14x14x1024_to_1x14x14x1024,conv4,200704,out_elem,44,187.483,37628542,34144236
65,CONV_2D,conv1x1_s1_1024to512_in14,conv4,102760448,mac,65,93.135,9570615152,8240372868
66,PAD,pad_1x14x14x512_to_1x15x15x512,conv5,115200,out_elem,66,54.176,6241020,5237940
67,CONV_2D,conv3x3_s2_512to512_in15,conv5,115605504,mac,67,91.447,10571816311,9259449416
68,CONV_2D,conv1x1_s1_512to2048_in7,conv5,51380224,mac,68,91.311,4691569260,4129861267
69,CONV_2D,conv1x1_s2_1024to2048_in14,conv5,102760448,mac,69,92.282,9482955202,8240299627
70,ADD,add_1x7x7x2048_to_1x7x7x2048,conv5,100352,out_elem,70,186.188,18684302,17115441
71,CONV_2D,conv1x1_s1_2048to512_in7,conv5,51380224,mac,71,90.294,4639301331,4115305908
72,CONV_2D,conv3x3_s1_512to512_in7,conv5,94633984,mac,72,91.305,8640569954,7579730999
73,CONV_2D,conv1x1_s1_512to2048_in7,conv5,51380224,mac,68,91.311,4691569260,4129861267
74,ADD,add_1x7x7x2048_to_1x7x7x2048,conv5,100352,out_elem,70,186.188,18684302,17115441
75,CONV_2D,conv1x1_s1_2048to512_in7,conv5,51380224,mac,71,90.294,4639301331,4115305908
76,CONV_2D,conv3x3_s1_512to512_in7,conv5,94633984,mac,72,91.305,8640569954,7579730999
77,CONV_2D,conv1x1_s1_512to2048_in7,conv5,51380224,mac,68,91.311,4691569260,4129861267
78,ADD,add_1x7x7x2048_to_1x7x7x2048,conv5,100352,out_elem,70,186.188,18684302,17115441
79,MEAN,mean_1x7x7x2048_to_1x1x1x2048,head,100352,in_elem,79,299.088,30014089,18702404
80,FULLY_CONNECTED,fc_2048to1000,head,2048000,mac,80,9.244,18930866,16479890
81,QUANTIZE,quantize_1x1000_to_1x1000,head,1000,out_elem,81,10.207,10207,6396
