op	rows	config	checksum
0	1	quantize_1x224x224x3_to_1x224x224x3	adf7f8dd
1	1	sub_1x224x224x3_to_1x224x224x3	727ab987
2	1	mul_1x224x224x3_to_1x224x224x3	54e9c4ad
3	1	pad_1x224x224x3_to_1x229x229x3	fcdf050d
4	1	conv7x7_s2_3to64_in229	61f0f131
5	1	concatenation_1x1x112x64_to_1x113x112x64	58b4ac81
6	1	concatenation_1x113x1x64_to_1x113x113x64	1b3fc981
7	1	max_pool_2d_1x113x113x64_to_1x56x56x64	3a7379b3
8	1	conv1x1_s1_64to64_in56	84e9dc0d
9	1	conv1x1_s1_64to256_in56	5e61f9c
10	1	conv3x3_s1_64to64_in56	d0dd5eff
12	1	add_1x56x56x256_to_1x56x56x256	dddf1b61
13	1	conv1x1_s1_256to64_in56	1a9babf9
21	1	conv1x1_s1_256to128_in56	42c18901
22	1	pad_1x56x56x128_to_1x57x57x128	1225e081
23	1	conv3x3_s2_128to128_in57	5eb8db13
24	1	conv1x1_s1_128to512_in28	a1bf2c52
25	1	conv1x1_s2_256to512_in56	8a2cc61d
26	1	add_1x28x28x512_to_1x28x28x512	f9ab1d67
27	1	conv1x1_s1_512to128_in28	71eeced4
28	1	conv3x3_s1_128to128_in28	eafb4cd7
39	1	conv1x1_s1_512to256_in28	98033497
40	1	pad_1x28x28x256_to_1x29x29x256	fce71481
41	1	conv3x3_s2_256to256_in29	ac2f55cb
42	1	conv1x1_s1_256to1024_in14	73d6534e
43	1	conv1x1_s2_512to1024_in28	146a8576
44	1	add_1x14x14x1024_to_1x14x14x1024	2a910d27
45	1	conv1x1_s1_1024to256_in14	89353d38
46	1	conv3x3_s1_256to256_in14	f11906f4
65	1	conv1x1_s1_1024to512_in14	86af11e0
66	1	pad_1x14x14x512_to_1x15x15x512	66597c81
67	1	conv3x3_s2_512to512_in15	4c3f983b
68	1	conv1x1_s1_512to2048_in7	25baa4e1
69	1	conv1x1_s2_1024to2048_in14	fb5dfad4
70	1	add_1x7x7x2048_to_1x7x7x2048	c4808a7b
71	1	conv1x1_s1_2048to512_in7	1bccf435
72	1	conv3x3_s1_512to512_in7	3b7ed757
79	1	mean_1x7x7x2048_to_1x1x1x2048	7da9a437
80	1	fc_2048to1000	4f39052d
81	1	quantize_1x1000_to_1x1000	1545e4e2
