op	kind	config	rep	stage	in_shape	filter_shape	out_shape	stride	padding	macs	exec_macs	out_elems	work	work_unit
0	QUANTIZE	quantize_1x224x224x3_to_1x224x224x3	1	input	1x224x224x3	-	1x224x224x3	-	-	0	0	150528	150528	out_elem
1	SUB	sub_1x224x224x3_to_1x224x224x3	1	input	1x224x224x3	-	1x224x224x3	-	-	0	0	150528	150528	out_elem
2	MUL	mul_1x224x224x3_to_1x224x224x3	1	input	1x224x224x3	-	1x224x224x3	-	-	0	0	150528	150528	out_elem
3	PAD	pad_1x224x224x3_to_1x229x229x3	1	input	1x224x224x3	-	1x229x229x3	-	-	0	0	157323	157323	out_elem
4	CONV_2D	conv7x7_s2_3to64_in229	1	stem	1x229x229x3	64x7x7x3	1x112x112x64	2x2	VALID	118013952	118013952	802816	118013952	mac
5	CONCATENATION	concatenation_1x1x112x64_to_1x113x112x64	1	stem	1x1x112x64	-	1x113x112x64	-	-	0	0	809984	809984	out_elem
6	CONCATENATION	concatenation_1x113x1x64_to_1x113x113x64	1	stem	1x113x1x64	-	1x113x113x64	-	-	0	0	817216	817216	out_elem
7	MAX_POOL_2D	max_pool_2d_1x113x113x64_to_1x56x56x64	1	conv2	1x113x113x64	-	1x56x56x64	-	-	0	0	200704	200704	out_elem
8	CONV_2D	conv1x1_s1_64to64_in56	1	conv2	1x56x56x64	64x1x1x64	1x56x56x64	1x1	VALID	12845056	12845056	200704	12845056	mac
9	CONV_2D	conv1x1_s1_64to256_in56	1	conv2	1x56x56x64	256x1x1x64	1x56x56x256	1x1	VALID	51380224	51380224	802816	51380224	mac
10	CONV_2D	conv3x3_s1_64to64_in56	1	conv2	1x56x56x64	64x3x3x64	1x56x56x64	1x1	SAME	115605504	112869376	200704	112869376	mac
11	CONV_2D	conv1x1_s1_64to256_in56	0	conv2	1x56x56x64	256x1x1x64	1x56x56x256	1x1	VALID	51380224	51380224	802816	51380224	mac
12	ADD	add_1x56x56x256_to_1x56x56x256	1	conv2	1x56x56x256	-	1x56x56x256	-	-	0	0	802816	802816	out_elem
13	CONV_2D	conv1x1_s1_256to64_in56	1	conv2	1x56x56x256	64x1x1x256	1x56x56x64	1x1	VALID	51380224	51380224	200704	51380224	mac
14	CONV_2D	conv3x3_s1_64to64_in56	0	conv2	1x56x56x64	64x3x3x64	1x56x56x64	1x1	SAME	115605504	112869376	200704	112869376	mac
15	CONV_2D	conv1x1_s1_64to256_in56	0	conv2	1x56x56x64	256x1x1x64	1x56x56x256	1x1	VALID	51380224	51380224	802816	51380224	mac
16	ADD	add_1x56x56x256_to_1x56x56x256	0	conv2	1x56x56x256	-	1x56x56x256	-	-	0	0	802816	802816	out_elem
17	CONV_2D	conv1x1_s1_256to64_in56	0	conv2	1x56x56x256	64x1x1x256	1x56x56x64	1x1	VALID	51380224	51380224	200704	51380224	mac
18	CONV_2D	conv3x3_s1_64to64_in56	0	conv2	1x56x56x64	64x3x3x64	1x56x56x64	1x1	SAME	115605504	112869376	200704	112869376	mac
19	CONV_2D	conv1x1_s1_64to256_in56	0	conv2	1x56x56x64	256x1x1x64	1x56x56x256	1x1	VALID	51380224	51380224	802816	51380224	mac
20	ADD	add_1x56x56x256_to_1x56x56x256	0	conv2	1x56x56x256	-	1x56x56x256	-	-	0	0	802816	802816	out_elem
21	CONV_2D	conv1x1_s1_256to128_in56	1	conv2	1x56x56x256	128x1x1x256	1x56x56x128	1x1	VALID	102760448	102760448	401408	102760448	mac
22	PAD	pad_1x56x56x128_to_1x57x57x128	1	conv3	1x56x56x128	-	1x57x57x128	-	-	0	0	415872	415872	out_elem
23	CONV_2D	conv3x3_s2_128to128_in57	1	conv3	1x57x57x128	128x3x3x128	1x28x28x128	2x2	VALID	115605504	115605504	100352	115605504	mac
24	CONV_2D	conv1x1_s1_128to512_in28	1	conv3	1x28x28x128	512x1x1x128	1x28x28x512	1x1	VALID	51380224	51380224	401408	51380224	mac
25	CONV_2D	conv1x1_s2_256to512_in56	1	conv3	1x56x56x256	512x1x1x256	1x28x28x512	2x2	VALID	102760448	102760448	401408	102760448	mac
26	ADD	add_1x28x28x512_to_1x28x28x512	1	conv3	1x28x28x512	-	1x28x28x512	-	-	0	0	401408	401408	out_elem
27	CONV_2D	conv1x1_s1_512to128_in28	1	conv3	1x28x28x512	128x1x1x512	1x28x28x128	1x1	VALID	51380224	51380224	100352	51380224	mac
28	CONV_2D	conv3x3_s1_128to128_in28	1	conv3	1x28x28x128	128x3x3x128	1x28x28x128	1x1	SAME	115605504	110166016	100352	110166016	mac
29	CONV_2D	conv1x1_s1_128to512_in28	0	conv3	1x28x28x128	512x1x1x128	1x28x28x512	1x1	VALID	51380224	51380224	401408	51380224	mac
30	ADD	add_1x28x28x512_to_1x28x28x512	0	conv3	1x28x28x512	-	1x28x28x512	-	-	0	0	401408	401408	out_elem
31	CONV_2D	conv1x1_s1_512to128_in28	0	conv3	1x28x28x512	128x1x1x512	1x28x28x128	1x1	VALID	51380224	51380224	100352	51380224	mac
32	CONV_2D	conv3x3_s1_128to128_in28	0	conv3	1x28x28x128	128x3x3x128	1x28x28x128	1x1	SAME	115605504	110166016	100352	110166016	mac
33	CONV_2D	conv1x1_s1_128to512_in28	0	conv3	1x28x28x128	512x1x1x128	1x28x28x512	1x1	VALID	51380224	51380224	401408	51380224	mac
34	ADD	add_1x28x28x512_to_1x28x28x512	0	conv3	1x28x28x512	-	1x28x28x512	-	-	0	0	401408	401408	out_elem
35	CONV_2D	conv1x1_s1_512to128_in28	0	conv3	1x28x28x512	128x1x1x512	1x28x28x128	1x1	VALID	51380224	51380224	100352	51380224	mac
36	CONV_2D	conv3x3_s1_128to128_in28	0	conv3	1x28x28x128	128x3x3x128	1x28x28x128	1x1	SAME	115605504	110166016	100352	110166016	mac
37	CONV_2D	conv1x1_s1_128to512_in28	0	conv3	1x28x28x128	512x1x1x128	1x28x28x512	1x1	VALID	51380224	51380224	401408	51380224	mac
38	ADD	add_1x28x28x512_to_1x28x28x512	0	conv3	1x28x28x512	-	1x28x28x512	-	-	0	0	401408	401408	out_elem
39	CONV_2D	conv1x1_s1_512to256_in28	1	conv3	1x28x28x512	256x1x1x512	1x28x28x256	1x1	VALID	102760448	102760448	200704	102760448	mac
40	PAD	pad_1x28x28x256_to_1x29x29x256	1	conv4	1x28x28x256	-	1x29x29x256	-	-	0	0	215296	215296	out_elem
41	CONV_2D	conv3x3_s2_256to256_in29	1	conv4	1x29x29x256	256x3x3x256	1x14x14x256	2x2	VALID	115605504	115605504	50176	115605504	mac
42	CONV_2D	conv1x1_s1_256to1024_in14	1	conv4	1x14x14x256	1024x1x1x256	1x14x14x1024	1x1	VALID	51380224	51380224	200704	51380224	mac
43	CONV_2D	conv1x1_s2_512to1024_in28	1	conv4	1x28x28x512	1024x1x1x512	1x14x14x1024	2x2	VALID	102760448	102760448	200704	102760448	mac
44	ADD	add_1x14x14x1024_to_1x14x14x1024	1	conv4	1x14x14x1024	-	1x14x14x1024	-	-	0	0	200704	200704	out_elem
45	CONV_2D	conv1x1_s1_1024to256_in14	1	conv4	1x14x14x1024	256x1x1x1024	1x14x14x256	1x1	VALID	51380224	51380224	50176	51380224	mac
46	CONV_2D	conv3x3_s1_256to256_in14	1	conv4	1x14x14x256	256x3x3x256	1x14x14x256	1x1	SAME	115605504	104857600	50176	104857600	mac
47	CONV_2D	conv1x1_s1_256to1024_in14	0	conv4	1x14x14x256	1024x1x1x256	1x14x14x1024	1x1	VALID	51380224	51380224	200704	51380224	mac
48	ADD	add_1x14x14x1024_to_1x14x14x1024	0	conv4	1x14x14x1024	-	1x14x14x1024	-	-	0	0	200704	200704	out_elem
49	CONV_2D	conv1x1_s1_1024to256_in14	0	conv4	1x14x14x1024	256x1x1x1024	1x14x14x256	1x1	VALID	51380224	51380224	50176	51380224	mac
50	CONV_2D	conv3x3_s1_256to256_in14	0	conv4	1x14x14x256	256x3x3x256	1x14x14x256	1x1	SAME	115605504	104857600	50176	104857600	mac
51	CONV_2D	conv1x1_s1_256to1024_in14	0	conv4	1x14x14x256	1024x1x1x256	1x14x14x1024	1x1	VALID	51380224	51380224	200704	51380224	mac
52	ADD	add_1x14x14x1024_to_1x14x14x1024	0	conv4	1x14x14x1024	-	1x14x14x1024	-	-	0	0	200704	200704	out_elem
53	CONV_2D	conv1x1_s1_1024to256_in14	0	conv4	1x14x14x1024	256x1x1x1024	1x14x14x256	1x1	VALID	51380224	51380224	50176	51380224	mac
54	CONV_2D	conv3x3_s1_256to256_in14	0	conv4	1x14x14x256	256x3x3x256	1x14x14x256	1x1	SAME	115605504	104857600	50176	104857600	mac
55	CONV_2D	conv1x1_s1_256to1024_in14	0	conv4	1x14x14x256	1024x1x1x256	1x14x14x1024	1x1	VALID	51380224	51380224	200704	51380224	mac
56	ADD	add_1x14x14x1024_to_1x14x14x1024	0	conv4	1x14x14x1024	-	1x14x14x1024	-	-	0	0	200704	200704	out_elem
57	CONV_2D	conv1x1_s1_1024to256_in14	0	conv4	1x14x14x1024	256x1x1x1024	1x14x14x256	1x1	VALID	51380224	51380224	50176	51380224	mac
58	CONV_2D	conv3x3_s1_256to256_in14	0	conv4	1x14x14x256	256x3x3x256	1x14x14x256	1x1	SAME	115605504	104857600	50176	104857600	mac
59	CONV_2D	conv1x1_s1_256to1024_in14	0	conv4	1x14x14x256	1024x1x1x256	1x14x14x1024	1x1	VALID	51380224	51380224	200704	51380224	mac
60	ADD	add_1x14x14x1024_to_1x14x14x1024	0	conv4	1x14x14x1024	-	1x14x14x1024	-	-	0	0	200704	200704	out_elem
61	CONV_2D	conv1x1_s1_1024to256_in14	0	conv4	1x14x14x1024	256x1x1x1024	1x14x14x256	1x1	VALID	51380224	51380224	50176	51380224	mac
62	CONV_2D	conv3x3_s1_256to256_in14	0	conv4	1x14x14x256	256x3x3x256	1x14x14x256	1x1	SAME	115605504	104857600	50176	104857600	mac
63	CONV_2D	conv1x1_s1_256to1024_in14	0	conv4	1x14x14x256	1024x1x1x256	1x14x14x1024	1x1	VALID	51380224	51380224	200704	51380224	mac
64	ADD	add_1x14x14x1024_to_1x14x14x1024	0	conv4	1x14x14x1024	-	1x14x14x1024	-	-	0	0	200704	200704	out_elem
65	CONV_2D	conv1x1_s1_1024to512_in14	1	conv4	1x14x14x1024	512x1x1x1024	1x14x14x512	1x1	VALID	102760448	102760448	100352	102760448	mac
66	PAD	pad_1x14x14x512_to_1x15x15x512	1	conv5	1x14x14x512	-	1x15x15x512	-	-	0	0	115200	115200	out_elem
67	CONV_2D	conv3x3_s2_512to512_in15	1	conv5	1x15x15x512	512x3x3x512	1x7x7x512	2x2	VALID	115605504	115605504	25088	115605504	mac
68	CONV_2D	conv1x1_s1_512to2048_in7	1	conv5	1x7x7x512	2048x1x1x512	1x7x7x2048	1x1	VALID	51380224	51380224	100352	51380224	mac
69	CONV_2D	conv1x1_s2_1024to2048_in14	1	conv5	1x14x14x1024	2048x1x1x1024	1x7x7x2048	2x2	VALID	102760448	102760448	100352	102760448	mac
70	ADD	add_1x7x7x2048_to_1x7x7x2048	1	conv5	1x7x7x2048	-	1x7x7x2048	-	-	0	0	100352	100352	out_elem
71	CONV_2D	conv1x1_s1_2048to512_in7	1	conv5	1x7x7x2048	512x1x1x2048	1x7x7x512	1x1	VALID	51380224	51380224	25088	51380224	mac
72	CONV_2D	conv3x3_s1_512to512_in7	1	conv5	1x7x7x512	512x3x3x512	1x7x7x512	1x1	SAME	115605504	94633984	25088	94633984	mac
73	CONV_2D	conv1x1_s1_512to2048_in7	0	conv5	1x7x7x512	2048x1x1x512	1x7x7x2048	1x1	VALID	51380224	51380224	100352	51380224	mac
74	ADD	add_1x7x7x2048_to_1x7x7x2048	0	conv5	1x7x7x2048	-	1x7x7x2048	-	-	0	0	100352	100352	out_elem
75	CONV_2D	conv1x1_s1_2048to512_in7	0	conv5	1x7x7x2048	512x1x1x2048	1x7x7x512	1x1	VALID	51380224	51380224	25088	51380224	mac
76	CONV_2D	conv3x3_s1_512to512_in7	0	conv5	1x7x7x512	512x3x3x512	1x7x7x512	1x1	SAME	115605504	94633984	25088	94633984	mac
77	CONV_2D	conv1x1_s1_512to2048_in7	0	conv5	1x7x7x512	2048x1x1x512	1x7x7x2048	1x1	VALID	51380224	51380224	100352	51380224	mac
78	ADD	add_1x7x7x2048_to_1x7x7x2048	0	conv5	1x7x7x2048	-	1x7x7x2048	-	-	0	0	100352	100352	out_elem
79	MEAN	mean_1x7x7x2048_to_1x1x1x2048	1	head	1x7x7x2048	-	1x1x1x2048	-	-	0	0	2048	100352	in_elem
80	FULLY_CONNECTED	fc_2048to1000	1	head	1x1x1x2048	1000x2048	1x1000	-	-	2048000	2048000	1000	2048000	mac
81	QUANTIZE	quantize_1x1000_to_1x1000	1	head	1x1000	-	1x1000	-	-	0	0	1000	1000	out_elem
